830,catalog/WhatsApp Image 2020-04-14 at 12.41.17 PM.jpeg
830,catalog/WhatsApp Image 2020-04-14 at 12.42.48 PM.jpeg
830,catalog/WhatsApp Image 2020-04-14 at 12.46.51 PM.jpeg
830,catalog/WhatsApp Image 2020-04-14 at 12.43.59 PM.jpeg
832,catalog/FRAMES FAHTER'S DAY/WhatsApp Image 2020-06-09 at 3.19.57 PM copy 2.jpeg
832,catalog/FRAMES FAHTER'S DAY/WhatsApp Image 2020-06-09 at 3.20.01 PM (2).jpeg
832,catalog/FRAMES FAHTER'S DAY/WhatsApp Image 2020-06-09 at 3.19.56 PM.jpeg
832,catalog/FRAMES FAHTER'S DAY/WhatsApp Image 2020-06-09 at 3.19.14 PM (2).jpeg
832,catalog/FRAMES FAHTER'S DAY/WhatsApp Image 2020-06-09 at 3.20.01 PM (1).jpeg
832,catalog/WhatsApp Image 2020-06-10 at 1.07.37 PM.jpeg
832,catalog/FRAMES FAHTER'S DAY/WhatsApp Image 2020-06-09 at 3.19.13 PM.jpeg
832,catalog/WhatsApp Image 2020-06-10 at 1.07.36 PM.jpeg
832,catalog/WhatsApp Image 2020-06-10 at 1.07.36 PM (1).jpeg
832,catalog/WhatsApp Image 2020-06-10 at 1.07.36 PM (2).jpeg
832,catalog/FRAMES FAHTER'S DAY/WhatsApp Image 2020-06-09 at 3.19.58 PM copy.jpeg
832,catalog/FRAMES FAHTER'S DAY/WhatsApp Image 2020-06-09 at 3.19.14 PM (1).jpeg
832,catalog/FRAMES FAHTER'S DAY/WhatsApp Image 2020-06-09 at 3.19.14 PM.jpeg
832,catalog/FRAMES FAHTER'S DAY/WhatsApp Image 2020-06-09 at 3.19.57 PM.jpeg
832,catalog/FRAMES FAHTER'S DAY/WhatsApp Image 2020-06-09 at 3.19.13 PM (3).jpeg
832,catalog/FRAMES FAHTER'S DAY/WhatsApp Image 2020-06-09 at 3.19.11 PM.jpeg
832,catalog/FRAMES FAHTER'S DAY/WhatsApp Image 2020-06-09 at 3.19.58 PM.jpeg
832,catalog/FRAMES FAHTER'S DAY/WhatsApp Image 2020-06-09 at 3.19.15 PM copy.jpeg
832,catalog/FRAMES FAHTER'S DAY/WhatsApp Image 2020-06-09 at 3.19.15 PM.jpeg
832,catalog/FRAMES FAHTER'S DAY/WhatsApp Image 2020-06-09 at 3.20.01 PM.jpeg
832,catalog/FRAMES FAHTER'S DAY/WhatsApp Image 2020-06-09 at 3.19.12 PM copy.jpeg
832,catalog/FRAMES FAHTER'S DAY/WhatsApp Image 2020-06-09 at 3.19.59 PM.jpeg
832,catalog/FRAMES FAHTER'S DAY/WhatsApp Image 2020-06-09 at 3.19.13 PM (1).jpeg
832,catalog/FRAMES FAHTER'S DAY/WhatsApp Image 2020-06-09 at 3.19.12 PM copy 2.jpeg
832,catalog/FRAMES FAHTER'S DAY/WhatsApp Image 2020-06-09 at 3.19.57 PM copy.jpeg
832,catalog/FRAMES FAHTER'S DAY/WhatsApp Image 2020-06-09 at 3.20.00 PM.jpeg
832,catalog/FRAMES FAHTER'S DAY/WhatsApp Image 2020-06-09 at 3.19.12 PM.jpeg
832,catalog/FRAMES FAHTER'S DAY/WhatsApp Image 2020-06-09 at 3.20.00 PM (2).jpeg
832,catalog/FRAMES FAHTER'S DAY/WhatsApp Image 2020-06-09 at 3.19.59 PM copy.jpeg
832,catalog/FRAMES FAHTER'S DAY/WhatsApp Image 2020-06-09 at 3.20.00 PM (1).jpeg
832,catalog/FRAMES FAHTER'S DAY/WhatsApp Image 2020-06-09 at 3.19.59 PM copy 3.jpeg
832,catalog/FRAMES FAHTER'S DAY/WhatsApp Image 2020-06-09 at 3.19.59 PM copy 2.jpeg
1153,catalog/Products/Frames/XS Frame/Batik Frame - White 2.jpeg
1153,catalog/Products/Frames/XS Frame/Batik Frame - White 3.jpeg
1153,catalog/Products/Frames/XS Frame/Shophouses Postcard1.jpg
1153,catalog/Products/Frames/XS Frame/Iconic SG Postcard1.jpg
1153,catalog/Products/Frames/XS Frame/Batik Frame.jpeg
1153,catalog/Products/Frames/XS Frame/Batik Frame 2.jpg
653,catalog/Screenshot (490).png
653,catalog/Screenshot (491).png
653,catalog/Screenshot (492).png
653,catalog/Screenshot (493).png
653,catalog/WhatsApp Image 2020-04-17 at 12.56.20 PM.jpeg
251,catalog/Batik Print.jpeg
251,catalog/Screenshot (495).png
251,catalog/Screenshot (494).png
