115,catalog/Products/Gift Wrapping Paper/TB2DVyCmAOWBuNjSsppXXXPgpXa_!!2632882936.jpg_400x400.jpg,Gift Wrappers
116,catalog/Products/Posting Boxes Of Singapore_/Posting Boxes Of Singapore_Postcard Set of 5.jpg,Cards
126,catalog/Products/Batik/Batik Frame/Batik Frame Yellow.jpg,Frames
127,catalog/Products/Sujin/12399321.jpg,Art
128,catalog/AerialViewOfSingapore.jpg,Artist
129,catalog/Products/Sujin/12399321.jpg,Painting
130,catalog/7.jpg,Amanda Lim
131,catalog/Products/Linda Preece/linda-preece-photography-joo-chiat-shophouses-red.jpg,Linda Preece  
132,catalog/30.jpg,Pua Ann Chi
133,catalog/Products/Bronze/80163.jpg,Bronze Sculpture
134,catalog/Products/Batik/Batik Hand Drawn 9.jpg,Fabric Collections
135,catalog/Banners/Untitled-1.jpg,Flora
136,catalog/Products/City In A Garden Collection/cscg2fld_1.jpg,Accessories
137,catalog/Products/Posting Boxes Of Singapore_/postman_figurine_1_2.jpg,Memorabilia
138,catalog/Products/Preserved Roses_/edited love rose.jpg,Preserved Roses 
139,catalog/Products/Bags and Pouches_/IMG_8741.jpg,Wallet
140,catalog/Products/Apparels and Wearables_/big scarf 3.jpg,Printed Fabric
141,catalog/Products/Apparels and Wearables_/Pink Batik Apron.jpg,Apron 
142,catalog/Products/Cushion Covers_/19.jpg, Handkerchief 
143,catalog/Products/Bags and Pouches_/IMG_8911.jpg,Tissue Purse 
144,catalog/Products/Apparels and Wearables_/14.jpg,Rayon Shawl
145,catalog/Products/Apparels and Wearables_/Untitled-5 scarf.jpg,Silk Shawl
146,catalog/Products/Cushion Covers_/17.jpg,Cushion Cover
147,catalog/Products/Batik/Batik Hand Drawn 6.jpg,Hand Drawn Fabrics
148,catalog/Products/Apparels and Wearables_/IMG_8941.jpg,Square Table Cloth 
149,catalog/Products/City In A Garden Collection/MarinaBay_Skyline_Artprint.jpg,Stamp Collectibles
150,catalog/Products/City In A Garden II Collection_/Garden By The Bay_Online.jpg,Magnet
151,catalog/AerialViewOfSingapore.jpg,Andy Yong
152,catalog/Products/Sujin/12399321.jpg,SuJin
153,catalog/Products/City In A Garden II Collection_/Merlion Acrylic Print_Online.jpg,Acrylic Print
155,catalog/Products/Posting Boxes Of Singapore_/GPO Canvas Tote Bag Mock Up (3).jpg,Lifestyle
156,catalog/Products/Coffee Table Books_/City of colour.jpg,Book
157,catalog/Products/Bags and Pouches_/Batik Tote Bag 14.jpg,Tote Bag
158,catalog/Products/Batik/Batik Scrunchies Hairband/Batik Scrunchies Hairband 3.jpg,Scrunchies Hairband
159,catalog/Products/Wang Miao/Matboard.jpg,Wang Miao
160,catalog/Products/Wang Miao/16846123 copy.jpg,Wang Miao
162,catalog/Products/Sujin/Jewel.jpg,Sujin
163,catalog/Products/Batik/Batik Tissue Box Cover/Updated/tissue box black.jpg,Tissue Box Cover
164,catalog/Products/Bags and Pouches_/Batik Drawstring Bag 2.jpg,Drawstring Bag
165,catalog/Products/Bags and Pouches_/Batik Coin Pouch 2.jpg,Coin Pouch
166,catalog/Products/Batik/Tissue Pack/tissue pack black.jpg,Tissue Pouch with Zipper Pocket
167,catalog/Products/Canvas Print on Wood Panel/Canvas Print on wood panel.jpg,Canvas Print on Wood Panel
168,catalog/Products/Timeless Ribbon/New Doc 2019-06-13 12.29.57_2.jpg,Timeless Ribbon
169,catalog/Products/Singapore Memories/singapore-memories-atas(1).jpg,Singapore Memories
170,catalog/passport holder/Passport1.jpeg,Passport Holder
171,catalog/actseed/PRINTS/A4 PRINTS/A4 Assorted Prints_1.jpg,Assorted Prints
172,catalog/Jiang Tang Long/sg2a.jpg,Jiang Tang Long
174,catalog/WhatsApp Image 2020-04-17 at 11.40.09 AM.jpeg,Sculpture
182,catalog/WhatsApp Image 2020-06-07 at 9.53.34 AM copy.jpeg,Face Mask
183,catalog/thumbnail_image0.jpg,Gift Hampers
184,catalog/majestic lion-900.jpg,DeRosa Collections
185,catalog/Sandra Macheroux/DSC_7869.jpg,Sandra Macheroux
186,catalog/Sandra Macheroux/DSC_7882.jpg,Scarves
187,catalog/Sandra Macheroux/DSC_7664.jpg,Tote Bags
188,catalog/Sandra Macheroux/Shophouse puzzle .jpg,Puzzles
189,catalog/Sandra Macheroux/DSC_7338.jpg,Coasters
190,catalog/Sandra Macheroux/Greeting Cards .jpg,Greeting Cards
191,catalog/Sandra Macheroux/DSC_7836.jpg,Sandra Macheroux
192,catalog/Products/Batik/Batik Hand Drawn 1.jpg,Batik
193,catalog/Sandra Macheroux/DSC_7428.jpg,Sandra Macheroux Collection
199,catalog/Screenshot 2020-10-02 174755-1400x1400.jpg,Paint By Numbers
200,catalog/Products/Batik/Batik Cosmetic Pouch/brown.jpg,Cosmetic Purse
201,catalog/Products/Batik/Batik Pouch/Blue.jpg,Batik Pouch
203,catalog/Products/Batik/Batik Tote Bag/Blue.jpg,Tote Bag by Art Adornment
205,catalog/Products/Batik/Reversible Tote Bag/Blue.jpg,Reversible Tote Bag
206,catalog/Products/Art Adornment/Porcelain Chopsticks/blue.png,Chopsticks
207,catalog/Products/Batik/Batik Small Purse/purple.png,Small Purse
208,catalog/Products/Art Adornment/Heritage Collection Earrings/Garden1.png,Heritage Collection Earrings by Art Adornment
209,catalog/Products/Art Adornment/Tree of Life Pendant/Amethyst.png,Tree of Life Pendants by Art Adornment
210,catalog/Products/Art Adornment/Wooden Fork and Spoon/1.png,Wooden Fork and Spoon
212,catalog/Products/JEKCA Sculpture/Hello Kitty 01S.jpg,JEKCA BUILDING BLOCKS
213,catalog/Products/JEKCA Sculpture/Hello Kitty 01S.jpg,Sanrio Characters
214,catalog/Gift Hampers/hamper images/Diamond Longevity Birthday Hamper.jpg,Birthday Gifts
215,catalog/Gift Hampers/hamper images/Platinium Welcome Set.jpg,Welcome to Singapore Gifts
216,catalog/Gift Hampers/hamper images/Titanium Farewell Set.jpg,Farewell Gifts
217,catalog/Gift Hampers/A Dazzling Night..jpg,Seasonal
218,catalog/Products/Xmas/Bigsnowball.jpg,Christmas Gifts
219,catalog/DSC_7621-900.jpeg,Colouring Book
220,catalog/Products/Nathalie Laoue/Framed P523-Web.jpg,Nathalie Laoue
221,catalog/LIFESTYLE/sp_posting_box_cufflinks-687.png,Cufflinks
222,catalog/Gift Hampers/A Dazzling Night..jpg,Mother's Day Gifts
223,catalog/Products/Pearl Earrings/rose.jpg,Pearl Earrings
224,catalog/Products/Silk Scarf/silk1b.jpg,Silk
225,catalog/Products/Pua Ann Chi/Magnets/Acrylic Magnet1.jpg,Magnets
226,catalog/Products/Watches/Azimuth/Crazy Rider/Crazy Rider Black on black slant-min.png,Watches
227,catalog/Gift Hampers/Staying Safe/stay safe hamper 1-min.jpg,Staying Safe Gifts
